{
  "feedback": [
    {
      "id": "1",
      "title": "First Post",
      "datetime": "APR 10,2024 10:11:45 PM",
      "body": "Third Post Details This Post is About React.React"
    },
    {
      "id": "2",
      "title": "Second Post",
      "datetime": "July 10,2025 10:11:45 PM",
      "body": "Third Post Details This Post is Axios"
    },
    {
      "id": 3,
      "title": "Java",
      "datetime": "December 11, 2025 2:48:42 PM",
      "body": "Java is Good Subject"
    },
    {
      "id": 4,
      "title": "C++",
      "datetime": "December 11, 2025 3:53:49 PM",
      "body": "C++ is used For Create Games"
    }
  ]
}